{"app":["/app-db81b32adab3209634f4.js"],"component---src-pages-404-js":["/component---src-pages-404-js-937d1b115ca56d3e6694.js"],"component---src-pages-about-js":["/component---src-pages-about-js-12f4cd42318e9dcdd6d5.js"],"component---src-pages-awards-js":["/component---src-pages-awards-js-76b9bed0e29046d4342d.js"],"component---src-pages-events-js":["/component---src-pages-events-js-5dafd6c16f53d74243e9.js"],"component---src-pages-getinvolved-js":["/component---src-pages-getinvolved-js-c4a4ecd3165b32c91d9d.js"],"component---src-pages-index-js":["/component---src-pages-index-js-fb4cdde5100168a4a329.js"],"component---src-pages-inthenews-js":["/component---src-pages-inthenews-js-708467f472486cafdeac.js"],"component---src-pages-page-2-js":["/component---src-pages-page-2-js-5cd028bb6edc00c864f5.js"],"component---src-pages-programsandservices-js":["/component---src-pages-programsandservices-js-cbf489a7356cd1d0593b.js"],"component---src-pages-publications-js":["/component---src-pages-publications-js-d47e0bfa69f6088daaa4.js"],"component---src-pages-togetheragainstislamophobia-js":["/component---src-pages-togetheragainstislamophobia-js-af1c72f39395dfab61cd.js"]}