{"app":["/app-db81b32adab3209634f4.js"],"component---src-pages-404-js":["/component---src-pages-404-js-937d1b115ca56d3e6694.js"],"component---src-pages-about-js":["/component---src-pages-about-js-97ded8cb96d2902049ad.js"],"component---src-pages-awards-js":["/component---src-pages-awards-js-f63962a535cdc52f1244.js"],"component---src-pages-events-js":["/component---src-pages-events-js-5dafd6c16f53d74243e9.js"],"component---src-pages-getinvolved-js":["/component---src-pages-getinvolved-js-727242195340317adb94.js"],"component---src-pages-index-js":["/component---src-pages-index-js-4905e8154c01e12fa5c7.js"],"component---src-pages-inthenews-js":["/component---src-pages-inthenews-js-708467f472486cafdeac.js"],"component---src-pages-page-2-js":["/component---src-pages-page-2-js-5cd028bb6edc00c864f5.js"],"component---src-pages-programsandservices-js":["/component---src-pages-programsandservices-js-82393a5e389f39c16dba.js"],"component---src-pages-publications-js":["/component---src-pages-publications-js-a57e25dcb62465ca51b1.js"],"component---src-pages-togetheragainstislamophobia-js":["/component---src-pages-togetheragainstislamophobia-js-2d317d531d2bf2cd563a.js"]}