{"app":["/app-e3bddaa242fb1a21efb7.js"],"component---src-pages-404-js":["/component---src-pages-404-js-ad833d19573aabf5adfd.js"],"component---src-pages-about-js":["/component---src-pages-about-js-da2492dc822c05b9cb57.js"],"component---src-pages-events-js":["/component---src-pages-events-js-3db1721e20f4ced99b58.js"],"component---src-pages-getinvolved-js":["/component---src-pages-getinvolved-js-02d4ef6a8aa4c74e437e.js"],"component---src-pages-index-js":["/component---src-pages-index-js-a06e9ac8d42b5f2922b9.js"],"component---src-pages-inthenews-js":["/component---src-pages-inthenews-js-7c4e609f9ee2ea1bca12.js"],"component---src-pages-page-2-js":["/component---src-pages-page-2-js-f5d12a2b4a5636c09f41.js"],"component---src-pages-programsandservices-js":["/component---src-pages-programsandservices-js-05c72d0db0ecb010c769.js"],"component---src-pages-publications-js":["/component---src-pages-publications-js-f9ac54ff6851c402ec48.js"],"component---src-pages-togetheragainstislamophobia-js":["/component---src-pages-togetheragainstislamophobia-js-a218f0c7b6b352369774.js"]}