{"errors":[],"warnings":[],"namedChunkGroups":{"app":{"chunks":[13,0,1],"assets":["webpack-runtime-ca55e1407f1e0b759c3f.js","webpack-runtime-ca55e1407f1e0b759c3f.js.map","commons-ba40ec4a9f0e1d0f5e58.js","commons-ba40ec4a9f0e1d0f5e58.js.map","app-e3bddaa242fb1a21efb7.js","app-e3bddaa242fb1a21efb7.js.map"],"children":{},"childAssets":{}},"component---src-pages-404-js":{"chunks":[0,2],"assets":["commons-ba40ec4a9f0e1d0f5e58.js","commons-ba40ec4a9f0e1d0f5e58.js.map","component---src-pages-404-js-ad833d19573aabf5adfd.js","component---src-pages-404-js-ad833d19573aabf5adfd.js.map"],"children":{},"childAssets":{}},"component---src-pages-about-js":{"chunks":[0,3],"assets":["commons-ba40ec4a9f0e1d0f5e58.js","commons-ba40ec4a9f0e1d0f5e58.js.map","component---src-pages-about-js-da2492dc822c05b9cb57.js","component---src-pages-about-js-da2492dc822c05b9cb57.js.map"],"children":{},"childAssets":{}},"component---src-pages-events-js":{"chunks":[0,4],"assets":["commons-ba40ec4a9f0e1d0f5e58.js","commons-ba40ec4a9f0e1d0f5e58.js.map","component---src-pages-events-js-3db1721e20f4ced99b58.js","component---src-pages-events-js-3db1721e20f4ced99b58.js.map"],"children":{},"childAssets":{}},"component---src-pages-getinvolved-js":{"chunks":[0,5],"assets":["commons-ba40ec4a9f0e1d0f5e58.js","commons-ba40ec4a9f0e1d0f5e58.js.map","component---src-pages-getinvolved-js-02d4ef6a8aa4c74e437e.js","component---src-pages-getinvolved-js-02d4ef6a8aa4c74e437e.js.map"],"children":{},"childAssets":{}},"component---src-pages-index-js":{"chunks":[12,0,6],"assets":["styles.218a40a9b134ad0690cc.css","styles-46aa36cb4ee13ca58053.js","styles-46aa36cb4ee13ca58053.js.map","commons-ba40ec4a9f0e1d0f5e58.js","commons-ba40ec4a9f0e1d0f5e58.js.map","component---src-pages-index-js-a06e9ac8d42b5f2922b9.js","component---src-pages-index-js-a06e9ac8d42b5f2922b9.js.map"],"children":{},"childAssets":{}},"component---src-pages-inthenews-js":{"chunks":[0,7],"assets":["commons-ba40ec4a9f0e1d0f5e58.js","commons-ba40ec4a9f0e1d0f5e58.js.map","component---src-pages-inthenews-js-7c4e609f9ee2ea1bca12.js","component---src-pages-inthenews-js-7c4e609f9ee2ea1bca12.js.map"],"children":{},"childAssets":{}},"component---src-pages-page-2-js":{"chunks":[0,8],"assets":["commons-ba40ec4a9f0e1d0f5e58.js","commons-ba40ec4a9f0e1d0f5e58.js.map","component---src-pages-page-2-js-f5d12a2b4a5636c09f41.js","component---src-pages-page-2-js-f5d12a2b4a5636c09f41.js.map"],"children":{},"childAssets":{}},"component---src-pages-programsandservices-js":{"chunks":[0,9],"assets":["commons-ba40ec4a9f0e1d0f5e58.js","commons-ba40ec4a9f0e1d0f5e58.js.map","component---src-pages-programsandservices-js-05c72d0db0ecb010c769.js","component---src-pages-programsandservices-js-05c72d0db0ecb010c769.js.map"],"children":{},"childAssets":{}},"component---src-pages-publications-js":{"chunks":[0,10],"assets":["commons-ba40ec4a9f0e1d0f5e58.js","commons-ba40ec4a9f0e1d0f5e58.js.map","component---src-pages-publications-js-f9ac54ff6851c402ec48.js","component---src-pages-publications-js-f9ac54ff6851c402ec48.js.map"],"children":{},"childAssets":{}},"component---src-pages-togetheragainstislamophobia-js":{"chunks":[0,11],"assets":["commons-ba40ec4a9f0e1d0f5e58.js","commons-ba40ec4a9f0e1d0f5e58.js.map","component---src-pages-togetheragainstislamophobia-js-a218f0c7b6b352369774.js","component---src-pages-togetheragainstislamophobia-js-a218f0c7b6b352369774.js.map"],"children":{},"childAssets":{}}},"assetsByChunkName":{"app":["webpack-runtime-ca55e1407f1e0b759c3f.js","commons-ba40ec4a9f0e1d0f5e58.js","app-e3bddaa242fb1a21efb7.js"],"component---src-pages-404-js":["commons-ba40ec4a9f0e1d0f5e58.js","component---src-pages-404-js-ad833d19573aabf5adfd.js"],"component---src-pages-about-js":["commons-ba40ec4a9f0e1d0f5e58.js","component---src-pages-about-js-da2492dc822c05b9cb57.js"],"component---src-pages-events-js":["commons-ba40ec4a9f0e1d0f5e58.js","component---src-pages-events-js-3db1721e20f4ced99b58.js"],"component---src-pages-getinvolved-js":["commons-ba40ec4a9f0e1d0f5e58.js","component---src-pages-getinvolved-js-02d4ef6a8aa4c74e437e.js"],"component---src-pages-index-js":["styles.218a40a9b134ad0690cc.css","styles-46aa36cb4ee13ca58053.js","commons-ba40ec4a9f0e1d0f5e58.js","component---src-pages-index-js-a06e9ac8d42b5f2922b9.js"],"component---src-pages-inthenews-js":["commons-ba40ec4a9f0e1d0f5e58.js","component---src-pages-inthenews-js-7c4e609f9ee2ea1bca12.js"],"component---src-pages-page-2-js":["commons-ba40ec4a9f0e1d0f5e58.js","component---src-pages-page-2-js-f5d12a2b4a5636c09f41.js"],"component---src-pages-programsandservices-js":["commons-ba40ec4a9f0e1d0f5e58.js","component---src-pages-programsandservices-js-05c72d0db0ecb010c769.js"],"component---src-pages-publications-js":["commons-ba40ec4a9f0e1d0f5e58.js","component---src-pages-publications-js-f9ac54ff6851c402ec48.js"],"component---src-pages-togetheragainstislamophobia-js":["commons-ba40ec4a9f0e1d0f5e58.js","component---src-pages-togetheragainstislamophobia-js-a218f0c7b6b352369774.js"]}}