{"errors":[],"warnings":[],"namedChunkGroups":{"app":{"chunks":[14,0,2],"assets":["webpack-runtime-a79d0a821c89ae14ae1a.js","webpack-runtime-a79d0a821c89ae14ae1a.js.map","commons-e550d4844e195c0778f6.js","commons-e550d4844e195c0778f6.js.map","app-db81b32adab3209634f4.js","app-db81b32adab3209634f4.js.map"],"children":{},"childAssets":{}},"component---src-pages-404-js":{"chunks":[0,3],"assets":["commons-e550d4844e195c0778f6.js","commons-e550d4844e195c0778f6.js.map","component---src-pages-404-js-937d1b115ca56d3e6694.js","component---src-pages-404-js-937d1b115ca56d3e6694.js.map"],"children":{},"childAssets":{}},"component---src-pages-about-js":{"chunks":[1,0,4],"assets":["styles.218a40a9b134ad0690cc.css","styles-3756e3a4e7f333451437.js","styles-3756e3a4e7f333451437.js.map","commons-e550d4844e195c0778f6.js","commons-e550d4844e195c0778f6.js.map","component---src-pages-about-js-97ded8cb96d2902049ad.js","component---src-pages-about-js-97ded8cb96d2902049ad.js.map"],"children":{},"childAssets":{}},"component---src-pages-awards-js":{"chunks":[1,0,5],"assets":["styles.218a40a9b134ad0690cc.css","styles-3756e3a4e7f333451437.js","styles-3756e3a4e7f333451437.js.map","commons-e550d4844e195c0778f6.js","commons-e550d4844e195c0778f6.js.map","component---src-pages-awards-js-f63962a535cdc52f1244.js","component---src-pages-awards-js-f63962a535cdc52f1244.js.map"],"children":{},"childAssets":{}},"component---src-pages-events-js":{"chunks":[1,0,6],"assets":["styles.218a40a9b134ad0690cc.css","styles-3756e3a4e7f333451437.js","styles-3756e3a4e7f333451437.js.map","commons-e550d4844e195c0778f6.js","commons-e550d4844e195c0778f6.js.map","component---src-pages-events-js-5dafd6c16f53d74243e9.js","component---src-pages-events-js-5dafd6c16f53d74243e9.js.map"],"children":{},"childAssets":{}},"component---src-pages-getinvolved-js":{"chunks":[1,0,7],"assets":["styles.218a40a9b134ad0690cc.css","styles-3756e3a4e7f333451437.js","styles-3756e3a4e7f333451437.js.map","commons-e550d4844e195c0778f6.js","commons-e550d4844e195c0778f6.js.map","component---src-pages-getinvolved-js-727242195340317adb94.js","component---src-pages-getinvolved-js-727242195340317adb94.js.map"],"children":{},"childAssets":{}},"component---src-pages-index-js":{"chunks":[1,0,8],"assets":["styles.218a40a9b134ad0690cc.css","styles-3756e3a4e7f333451437.js","styles-3756e3a4e7f333451437.js.map","commons-e550d4844e195c0778f6.js","commons-e550d4844e195c0778f6.js.map","component---src-pages-index-js-4905e8154c01e12fa5c7.js","component---src-pages-index-js-4905e8154c01e12fa5c7.js.map"],"children":{},"childAssets":{}},"component---src-pages-inthenews-js":{"chunks":[1,0,9],"assets":["styles.218a40a9b134ad0690cc.css","styles-3756e3a4e7f333451437.js","styles-3756e3a4e7f333451437.js.map","commons-e550d4844e195c0778f6.js","commons-e550d4844e195c0778f6.js.map","component---src-pages-inthenews-js-708467f472486cafdeac.js","component---src-pages-inthenews-js-708467f472486cafdeac.js.map"],"children":{},"childAssets":{}},"component---src-pages-page-2-js":{"chunks":[0,10],"assets":["commons-e550d4844e195c0778f6.js","commons-e550d4844e195c0778f6.js.map","component---src-pages-page-2-js-5cd028bb6edc00c864f5.js","component---src-pages-page-2-js-5cd028bb6edc00c864f5.js.map"],"children":{},"childAssets":{}},"component---src-pages-programsandservices-js":{"chunks":[1,0,11],"assets":["styles.218a40a9b134ad0690cc.css","styles-3756e3a4e7f333451437.js","styles-3756e3a4e7f333451437.js.map","commons-e550d4844e195c0778f6.js","commons-e550d4844e195c0778f6.js.map","component---src-pages-programsandservices-js-82393a5e389f39c16dba.js","component---src-pages-programsandservices-js-82393a5e389f39c16dba.js.map"],"children":{},"childAssets":{}},"component---src-pages-publications-js":{"chunks":[1,0,12],"assets":["styles.218a40a9b134ad0690cc.css","styles-3756e3a4e7f333451437.js","styles-3756e3a4e7f333451437.js.map","commons-e550d4844e195c0778f6.js","commons-e550d4844e195c0778f6.js.map","component---src-pages-publications-js-a57e25dcb62465ca51b1.js","component---src-pages-publications-js-a57e25dcb62465ca51b1.js.map"],"children":{},"childAssets":{}},"component---src-pages-togetheragainstislamophobia-js":{"chunks":[1,0,13],"assets":["styles.218a40a9b134ad0690cc.css","styles-3756e3a4e7f333451437.js","styles-3756e3a4e7f333451437.js.map","commons-e550d4844e195c0778f6.js","commons-e550d4844e195c0778f6.js.map","component---src-pages-togetheragainstislamophobia-js-2d317d531d2bf2cd563a.js","component---src-pages-togetheragainstislamophobia-js-2d317d531d2bf2cd563a.js.map"],"children":{},"childAssets":{}}},"assetsByChunkName":{"app":["webpack-runtime-a79d0a821c89ae14ae1a.js","commons-e550d4844e195c0778f6.js","app-db81b32adab3209634f4.js"],"component---src-pages-404-js":["commons-e550d4844e195c0778f6.js","component---src-pages-404-js-937d1b115ca56d3e6694.js"],"component---src-pages-about-js":["styles.218a40a9b134ad0690cc.css","styles-3756e3a4e7f333451437.js","commons-e550d4844e195c0778f6.js","component---src-pages-about-js-97ded8cb96d2902049ad.js"],"component---src-pages-awards-js":["styles.218a40a9b134ad0690cc.css","styles-3756e3a4e7f333451437.js","commons-e550d4844e195c0778f6.js","component---src-pages-awards-js-f63962a535cdc52f1244.js"],"component---src-pages-events-js":["styles.218a40a9b134ad0690cc.css","styles-3756e3a4e7f333451437.js","commons-e550d4844e195c0778f6.js","component---src-pages-events-js-5dafd6c16f53d74243e9.js"],"component---src-pages-getinvolved-js":["styles.218a40a9b134ad0690cc.css","styles-3756e3a4e7f333451437.js","commons-e550d4844e195c0778f6.js","component---src-pages-getinvolved-js-727242195340317adb94.js"],"component---src-pages-index-js":["styles.218a40a9b134ad0690cc.css","styles-3756e3a4e7f333451437.js","commons-e550d4844e195c0778f6.js","component---src-pages-index-js-4905e8154c01e12fa5c7.js"],"component---src-pages-inthenews-js":["styles.218a40a9b134ad0690cc.css","styles-3756e3a4e7f333451437.js","commons-e550d4844e195c0778f6.js","component---src-pages-inthenews-js-708467f472486cafdeac.js"],"component---src-pages-page-2-js":["commons-e550d4844e195c0778f6.js","component---src-pages-page-2-js-5cd028bb6edc00c864f5.js"],"component---src-pages-programsandservices-js":["styles.218a40a9b134ad0690cc.css","styles-3756e3a4e7f333451437.js","commons-e550d4844e195c0778f6.js","component---src-pages-programsandservices-js-82393a5e389f39c16dba.js"],"component---src-pages-publications-js":["styles.218a40a9b134ad0690cc.css","styles-3756e3a4e7f333451437.js","commons-e550d4844e195c0778f6.js","component---src-pages-publications-js-a57e25dcb62465ca51b1.js"],"component---src-pages-togetheragainstislamophobia-js":["styles.218a40a9b134ad0690cc.css","styles-3756e3a4e7f333451437.js","commons-e550d4844e195c0778f6.js","component---src-pages-togetheragainstislamophobia-js-2d317d531d2bf2cd563a.js"]}}