{"errors":[],"warnings":[],"namedChunkGroups":{"app":{"chunks":[14,0,2],"assets":["webpack-runtime-36f689f80afb59438e7f.js","webpack-runtime-36f689f80afb59438e7f.js.map","commons-0ac66737087bde9bb1da.js","commons-0ac66737087bde9bb1da.js.map","app-db81b32adab3209634f4.js","app-db81b32adab3209634f4.js.map"],"children":{},"childAssets":{}},"component---src-pages-404-js":{"chunks":[0,3],"assets":["commons-0ac66737087bde9bb1da.js","commons-0ac66737087bde9bb1da.js.map","component---src-pages-404-js-937d1b115ca56d3e6694.js","component---src-pages-404-js-937d1b115ca56d3e6694.js.map"],"children":{},"childAssets":{}},"component---src-pages-about-js":{"chunks":[1,0,4],"assets":["styles.218a40a9b134ad0690cc.css","styles-3756e3a4e7f333451437.js","styles-3756e3a4e7f333451437.js.map","commons-0ac66737087bde9bb1da.js","commons-0ac66737087bde9bb1da.js.map","component---src-pages-about-js-12f4cd42318e9dcdd6d5.js","component---src-pages-about-js-12f4cd42318e9dcdd6d5.js.map"],"children":{},"childAssets":{}},"component---src-pages-awards-js":{"chunks":[1,0,5],"assets":["styles.218a40a9b134ad0690cc.css","styles-3756e3a4e7f333451437.js","styles-3756e3a4e7f333451437.js.map","commons-0ac66737087bde9bb1da.js","commons-0ac66737087bde9bb1da.js.map","component---src-pages-awards-js-76b9bed0e29046d4342d.js","component---src-pages-awards-js-76b9bed0e29046d4342d.js.map"],"children":{},"childAssets":{}},"component---src-pages-events-js":{"chunks":[1,0,6],"assets":["styles.218a40a9b134ad0690cc.css","styles-3756e3a4e7f333451437.js","styles-3756e3a4e7f333451437.js.map","commons-0ac66737087bde9bb1da.js","commons-0ac66737087bde9bb1da.js.map","component---src-pages-events-js-5dafd6c16f53d74243e9.js","component---src-pages-events-js-5dafd6c16f53d74243e9.js.map"],"children":{},"childAssets":{}},"component---src-pages-getinvolved-js":{"chunks":[1,0,7],"assets":["styles.218a40a9b134ad0690cc.css","styles-3756e3a4e7f333451437.js","styles-3756e3a4e7f333451437.js.map","commons-0ac66737087bde9bb1da.js","commons-0ac66737087bde9bb1da.js.map","component---src-pages-getinvolved-js-c4a4ecd3165b32c91d9d.js","component---src-pages-getinvolved-js-c4a4ecd3165b32c91d9d.js.map"],"children":{},"childAssets":{}},"component---src-pages-index-js":{"chunks":[1,0,8],"assets":["styles.218a40a9b134ad0690cc.css","styles-3756e3a4e7f333451437.js","styles-3756e3a4e7f333451437.js.map","commons-0ac66737087bde9bb1da.js","commons-0ac66737087bde9bb1da.js.map","component---src-pages-index-js-fb4cdde5100168a4a329.js","component---src-pages-index-js-fb4cdde5100168a4a329.js.map"],"children":{},"childAssets":{}},"component---src-pages-inthenews-js":{"chunks":[1,0,9],"assets":["styles.218a40a9b134ad0690cc.css","styles-3756e3a4e7f333451437.js","styles-3756e3a4e7f333451437.js.map","commons-0ac66737087bde9bb1da.js","commons-0ac66737087bde9bb1da.js.map","component---src-pages-inthenews-js-708467f472486cafdeac.js","component---src-pages-inthenews-js-708467f472486cafdeac.js.map"],"children":{},"childAssets":{}},"component---src-pages-page-2-js":{"chunks":[0,10],"assets":["commons-0ac66737087bde9bb1da.js","commons-0ac66737087bde9bb1da.js.map","component---src-pages-page-2-js-5cd028bb6edc00c864f5.js","component---src-pages-page-2-js-5cd028bb6edc00c864f5.js.map"],"children":{},"childAssets":{}},"component---src-pages-programsandservices-js":{"chunks":[1,0,11],"assets":["styles.218a40a9b134ad0690cc.css","styles-3756e3a4e7f333451437.js","styles-3756e3a4e7f333451437.js.map","commons-0ac66737087bde9bb1da.js","commons-0ac66737087bde9bb1da.js.map","component---src-pages-programsandservices-js-cbf489a7356cd1d0593b.js","component---src-pages-programsandservices-js-cbf489a7356cd1d0593b.js.map"],"children":{},"childAssets":{}},"component---src-pages-publications-js":{"chunks":[1,0,12],"assets":["styles.218a40a9b134ad0690cc.css","styles-3756e3a4e7f333451437.js","styles-3756e3a4e7f333451437.js.map","commons-0ac66737087bde9bb1da.js","commons-0ac66737087bde9bb1da.js.map","component---src-pages-publications-js-d47e0bfa69f6088daaa4.js","component---src-pages-publications-js-d47e0bfa69f6088daaa4.js.map"],"children":{},"childAssets":{}},"component---src-pages-togetheragainstislamophobia-js":{"chunks":[1,0,13],"assets":["styles.218a40a9b134ad0690cc.css","styles-3756e3a4e7f333451437.js","styles-3756e3a4e7f333451437.js.map","commons-0ac66737087bde9bb1da.js","commons-0ac66737087bde9bb1da.js.map","component---src-pages-togetheragainstislamophobia-js-af1c72f39395dfab61cd.js","component---src-pages-togetheragainstislamophobia-js-af1c72f39395dfab61cd.js.map"],"children":{},"childAssets":{}}},"assetsByChunkName":{"app":["webpack-runtime-36f689f80afb59438e7f.js","commons-0ac66737087bde9bb1da.js","app-db81b32adab3209634f4.js"],"component---src-pages-404-js":["commons-0ac66737087bde9bb1da.js","component---src-pages-404-js-937d1b115ca56d3e6694.js"],"component---src-pages-about-js":["styles.218a40a9b134ad0690cc.css","styles-3756e3a4e7f333451437.js","commons-0ac66737087bde9bb1da.js","component---src-pages-about-js-12f4cd42318e9dcdd6d5.js"],"component---src-pages-awards-js":["styles.218a40a9b134ad0690cc.css","styles-3756e3a4e7f333451437.js","commons-0ac66737087bde9bb1da.js","component---src-pages-awards-js-76b9bed0e29046d4342d.js"],"component---src-pages-events-js":["styles.218a40a9b134ad0690cc.css","styles-3756e3a4e7f333451437.js","commons-0ac66737087bde9bb1da.js","component---src-pages-events-js-5dafd6c16f53d74243e9.js"],"component---src-pages-getinvolved-js":["styles.218a40a9b134ad0690cc.css","styles-3756e3a4e7f333451437.js","commons-0ac66737087bde9bb1da.js","component---src-pages-getinvolved-js-c4a4ecd3165b32c91d9d.js"],"component---src-pages-index-js":["styles.218a40a9b134ad0690cc.css","styles-3756e3a4e7f333451437.js","commons-0ac66737087bde9bb1da.js","component---src-pages-index-js-fb4cdde5100168a4a329.js"],"component---src-pages-inthenews-js":["styles.218a40a9b134ad0690cc.css","styles-3756e3a4e7f333451437.js","commons-0ac66737087bde9bb1da.js","component---src-pages-inthenews-js-708467f472486cafdeac.js"],"component---src-pages-page-2-js":["commons-0ac66737087bde9bb1da.js","component---src-pages-page-2-js-5cd028bb6edc00c864f5.js"],"component---src-pages-programsandservices-js":["styles.218a40a9b134ad0690cc.css","styles-3756e3a4e7f333451437.js","commons-0ac66737087bde9bb1da.js","component---src-pages-programsandservices-js-cbf489a7356cd1d0593b.js"],"component---src-pages-publications-js":["styles.218a40a9b134ad0690cc.css","styles-3756e3a4e7f333451437.js","commons-0ac66737087bde9bb1da.js","component---src-pages-publications-js-d47e0bfa69f6088daaa4.js"],"component---src-pages-togetheragainstislamophobia-js":["styles.218a40a9b134ad0690cc.css","styles-3756e3a4e7f333451437.js","commons-0ac66737087bde9bb1da.js","component---src-pages-togetheragainstislamophobia-js-af1c72f39395dfab61cd.js"]}}